{"cameraMode":{"drawMode":0,"name":"Shaded","section":"Shading Mode"},"sceneLighting":false,"audioPlay":false,"sceneViewState":{"m_AlwaysRefresh":false,"showFog":true,"showSkybox":false,"showFlares":true,"showImageEffects":true,"showParticleSystems":true,"showVisualEffectGraphs":true,"m_FxEnabled":true},"in2DMode":false,"pivot":{"x":0.0000543445348739624,"y":-0.019552268087863923,"z":0.008350104093551636},"rotation":{"x":0.18657511472702027,"y":0.6919265389442444,"z":-0.19262824952602387,"w":0.6702736616134644},"size":0.2447609156370163,"orthographic":false}