{"cameraMode":{"drawMode":0,"name":"Shaded","section":"Shading Mode"},"sceneLighting":false,"audioPlay":false,"sceneViewState":{"m_AlwaysRefresh":false,"showFog":true,"showSkybox":false,"showFlares":true,"showImageEffects":true,"showParticleSystems":true,"showVisualEffectGraphs":true,"m_FxEnabled":true},"in2DMode":false,"pivot":{"x":2.218041181564331,"y":0.7997580766677856,"z":-0.0937461331486702},"rotation":{"x":0.08925775438547135,"y":-0.21282054483890534,"z":0.019537266343832017,"w":0.9727693200111389},"size":0.1383090317249298,"orthographic":false}